"id","name","cases"
0,"United States",NA
1,"Alabama",NA
2,"Alaska",0
4,"Arizona",9
5,"Arkansas",6
6,"California",221
8,"Colorado",45
9,"Connecticut",5
10,"Delaware",1
11,"District of Columbia",NA
12,"Florida",35
13,"Georgia",31
15,"Hawaii",2
16,"Idaho",0
17,"Illinois",32
18,"Indiana",13
19,"Iowa",16
20,"Kansas",1
21,"Kentucky",10
22,"Louisiana",19
23,"Maine",0
24,"Maryland",12
25,"Massachusetts",108
26,"Michigan",2
27,"Minnesota",9
28,"Mississippi",1
29,"Missouri",1
30,"Montana",1
31,"Nebraska",10
32,"Nevada",14
33,"New Hampshire",6
34,"New Jersey",29
35,"New Mexico",5
36,"New York",328
37,"North Carolina",15
38,"North Dakota",1
39,"Ohio",5
40,"Oklahoma",2
41,"Oregon",24
42,"Pennsylvania",22
44,"Rhode Island",5
45,"South Carolina",12
46,"South Dakota",8
47,"Tennessee",18
48,"Texas",27
49,"Utah",5
50,"Vermont",2
51,"Virginia",17
53,"Washington",442
54,"West Virginia",0
55,"Wisconsin",8
56,"Wyoming",1
1001,"Autauga",NA
1003,"Baldwin",NA
1005,"Barbour",NA
1007,"Bibb",NA
1009,"Blount",NA
1011,"Bullock",NA
1013,"Butler",NA
1015,"Calhoun",NA
1017,"Chambers",NA
1019,"Cherokee",NA
1021,"Chilton",NA
1023,"Choctaw",NA
1025,"Clarke",NA
1027,"Clay",NA
1029,"Cleburne",NA
1031,"Coffee",NA
1033,"Colbert",NA
1035,"Conecuh",NA
1037,"Coosa",NA
1039,"Covington",NA
1041,"Crenshaw",NA
1043,"Cullman",NA
1045,"Dale",NA
1047,"Dallas",NA
1049,"Dekalb",NA
1051,"Elmore",NA
1053,"Escambia",NA
1055,"Etowah",NA
1057,"Fayette",NA
1059,"Franklin",NA
1061,"Geneva",NA
1063,"Greene",NA
1065,"Hale",NA
1067,"Henry",NA
1069,"Houston",NA
1071,"Jackson",NA
1073,"Jefferson",NA
1075,"Lamar",NA
1077,"Lauderdale",NA
1079,"Lawrence",NA
1081,"Lee",NA
1083,"Limestone",NA
1085,"Lowndes",NA
1087,"Macon",NA
1089,"Madison",NA
1091,"Marengo",NA
1093,"Marion",NA
1095,"Marshall",NA
1097,"Mobile",NA
1099,"Monroe",NA
1101,"Montgomery",NA
1103,"Morgan",NA
1105,"Perry",NA
1107,"Pickens",NA
1109,"Pike",NA
1111,"Randolph",NA
1113,"Russell",NA
1115,"St. Clair",NA
1117,"Shelby",NA
1119,"Sumter",NA
1121,"Talladega",NA
1123,"Tallapoosa",NA
1125,"Tuscaloosa",NA
1127,"Walker",NA
1129,"Washington",NA
1131,"Wilcox",NA
1133,"Winston",NA
2013,"Aleutians East Borough",NA
2016,"Aleutians West Census Area",NA
2020,"Anchorage Municipality",NA
2050,"Bethel Census Area",NA
2060,"Bristol Bay Borough",NA
2068,"Denali Borough",NA
2070,"Dillingham Census Area",NA
2090,"Fairbanks North Star Borough",NA
2100,"Haines Borough",NA
2105,"Hoonah-Angoon Census Area",NA
2110,"Juneau City and Borough",NA
2122,"Kenai Peninsula Borough",NA
2130,"Ketchikan Gateway Borough",NA
2150,"Kodiak Island Borough",NA
2164,"Lake and Peninsula Borough",NA
2170,"Matanuska-Susitna Borough",NA
2180,"Nome Census Area",NA
2185,"North Slope Borough",NA
2188,"Northwest Arctic Borough",NA
2195,"Petersburg Borough",NA
2198,"Prince of Wales-Hyder Census Area",NA
2220,"Sitka City and Borough",NA
2230,"Skagway Municipality",NA
2240,"Southeast Fairbanks Census Area",NA
2261,"Valdez-Cordova Census Area",NA
2270,"Wade Hampton Census Area",NA
2275,"Wrangell City and Borough",NA
2282,"Yakutat City and Borough",NA
2290,"Yukon-Koyukuk Census Area",NA
4001,"Apache",NA
4003,"Cochise",NA
4005,"Coconino",NA
4007,"Gila",NA
4009,"Graham",NA
4011,"Greenlee",NA
4012,"La Paz",NA
4013,"Maricopa",0
4015,"Mohave",NA
4017,"Navajo",NA
4019,"Pima",0
4021,"Pinal",0
4023,"Santa Cruz",NA
4025,"Yavapai",NA
4027,"Yuma",NA
5001,"Arkansas",NA
5003,"Ashley",NA
5005,"Baxter",NA
5007,"Benton",NA
5009,"Boone",NA
5011,"Bradley",NA
5013,"Calhoun",NA
5015,"Carroll",NA
5017,"Chicot",NA
5019,"Clark",NA
5021,"Clay",NA
5023,"Cleburne",NA
5025,"Cleveland",NA
5027,"Columbia",NA
5029,"Conway",NA
5031,"Craighead",NA
5033,"Crawford",NA
5035,"Crittenden",NA
5037,"Cross",NA
5039,"Dallas",NA
5041,"Desha",NA
5043,"Drew",NA
5045,"Faulkner",NA
5047,"Franklin",NA
5049,"Fulton",NA
5051,"Garland",NA
5053,"Grant",NA
5055,"Greene",NA
5057,"Hempstead",NA
5059,"Hot Spring",NA
5061,"Howard",NA
5063,"Independence",NA
5065,"Izard",NA
5067,"Jackson",NA
5069,"Jefferson",NA
5071,"Johnson",NA
5073,"Lafayette",NA
5075,"Lawrence",NA
5077,"Lee",NA
5079,"Lincoln",NA
5081,"Little River",NA
5083,"Logan",NA
5085,"Lonoke",NA
5087,"Madison",NA
5089,"Marion",NA
5091,"Miller",NA
5093,"Mississippi",NA
5095,"Monroe",NA
5097,"Montgomery",NA
5099,"Nevada",NA
5101,"Newton",NA
5103,"Ouachita",NA
5105,"Perry",NA
5107,"Phillips",NA
5109,"Pike",NA
5111,"Poinsett",NA
5113,"Polk",NA
5115,"Pope",NA
5117,"Prairie",NA
5119,"Pulaski",NA
5121,"Randolph",NA
5123,"St. Francis",NA
5125,"Saline",NA
5127,"Scott",NA
5129,"Searcy",NA
5131,"Sebastian",NA
5133,"Sevier",NA
5135,"Sharp",NA
5137,"Stone",NA
5139,"Union",NA
5141,"Van Buren",NA
5143,"Washington",NA
5145,"White",NA
5147,"Woodruff",NA
5149,"Yell",NA
6001,"Alameda",0
6003,"Alpine",NA
6005,"Amador",NA
6007,"Butte",NA
6009,"Calaveras",0
6011,"Colusa",NA
6013,"Contra Costa",0
6015,"Del Norte",NA
6017,"El Dorado",NA
6019,"Fresno",0
6021,"Glenn",NA
6023,"Humboldt",0
6025,"Imperial",NA
6027,"Inyo",NA
6029,"Kern",NA
6031,"Kings",NA
6033,"Lake",NA
6035,"Lassen",NA
6037,"Los Angeles",0
6039,"Madera",0
6041,"Marin",0
6043,"Mariposa",NA
6045,"Mendocino",NA
6047,"Merced",NA
6049,"Modoc",NA
6051,"Mono",NA
6053,"Monterey",NA
6055,"Napa",0
6057,"Nevada",NA
6059,"Orange",0
6061,"Placer",0
6063,"Plumas",NA
6065,"Riverside",0
6067,"Sacramento",0
6069,"San Benito",0
6071,"San Bernardino",NA
6073,"San Diego",0
6075,"San Francisco",0
6077,"San Joaquin",0
6079,"San Luis Obispo",NA
6081,"San Mateo",0
6083,"Santa Barbara",NA
6085,"Santa Clara",0
6087,"Santa Cruz",0
6089,"Shasta",0
6091,"Sierra",NA
6093,"Siskiyou",NA
6095,"Solano",0
6097,"Sonoma",0
6099,"Stanislaus",0
6101,"Sutter",NA
6103,"Tehama",NA
6105,"Trinity",NA
6107,"Tulare",NA
6109,"Tuolumne",NA
6111,"Ventura",0
6113,"Yolo",0
6115,"Yuba",NA
8001,"Adams",NA
8003,"Alamosa",NA
8005,"Arapahoe",0
8007,"Archuleta",NA
8009,"Baca",NA
8011,"Bent",NA
8013,"Boulder",NA
8014,"Broomfield",NA
8015,"Chaffee",NA
8017,"Cheyenne",NA
8019,"Clear Creek",NA
8021,"Conejos",NA
8023,"Costilla",NA
8025,"Crowley",NA
8027,"Custer",NA
8029,"Delta",NA
8031,"Denver",0
8033,"Dolores",NA
8035,"Douglas",0
8037,"Eagle",0
8039,"Elbert",NA
8041,"El Paso",0
8043,"Fremont",NA
8045,"Garfield",NA
8047,"Gilpin",NA
8049,"Grand",NA
8051,"Gunnison",0
8053,"Hinsdale",NA
8055,"Huerfano",NA
8057,"Jackson",NA
8059,"Jefferson",0
8061,"Kiowa",NA
8063,"Kit Carson",NA
8065,"Lake",NA
8067,"La Plata",NA
8069,"Larimer",0
8071,"Las Animas",NA
8073,"Lincoln",NA
8075,"Logan",NA
8077,"Mesa",NA
8079,"Mineral",NA
8081,"Moffat",NA
8083,"Montezuma",NA
8085,"Montrose",NA
8087,"Morgan",NA
8089,"Otero",NA
8091,"Ouray",NA
8093,"Park",NA
8095,"Phillips",NA
8097,"Pitkin",NA
8099,"Prowers",NA
8101,"Pueblo",NA
8103,"Rio Blanco",NA
8105,"Rio Grande",NA
8107,"Routt",NA
8109,"Saguache",NA
8111,"San Juan",NA
8113,"San Miguel",NA
8115,"Sedgwick",NA
8117,"Summit",0
8119,"Teller",NA
8121,"Washington",NA
8123,"Weld",NA
8125,"Yuma",NA
9001,"Fairfield",0
9003,"Hartford",NA
9005,"Litchfield",0
9007,"Middlesex",NA
9009,"New Haven",NA
9011,"New London",NA
9013,"Tolland",NA
9015,"Windham",NA
10,"Kent",NA
10,"New Castle",0
10,"Sussex",NA
11001,"District of Columbia",NA
12001,"Alachua",0
12003,"Baker",NA
12005,"Bay",NA
12007,"Bradford",NA
12009,"Brevard",NA
12011,"Broward",0
12013,"Calhoun",NA
12015,"Charlotte",0
12017,"Citrus",NA
12019,"Clay",NA
12021,"Collier",0
12023,"Columbia",NA
12027,"Desoto",NA
12029,"Dixie",NA
12031,"Duval",NA
12033,"Escambia",NA
12035,"Flagler",NA
12037,"Franklin",NA
12039,"Gadsden",NA
12041,"Gilchrist",NA
12043,"Glades",NA
12045,"Gulf",NA
12047,"Hamilton",NA
12049,"Hardee",NA
12051,"Hendry",NA
12053,"Hernando",NA
12055,"Highlands",NA
12057,"Hillsborough",0
12059,"Holmes",NA
12061,"Indian River",NA
12063,"Jackson",NA
12065,"Jefferson",NA
12067,"Lafayette",NA
12069,"Lake",NA
12071,"Lee",0
12073,"Leon",NA
12075,"Levy",NA
12077,"Liberty",NA
12079,"Madison",NA
12081,"Manatee",0
12083,"Marion",NA
12085,"Martin",NA
12086,"Miami-Dade",NA
12087,"Monroe",NA
12089,"Nassau",0
12091,"Okaloosa",0
12093,"Okeechobee",NA
12095,"Orange",NA
12097,"Osceola",NA
12099,"Palm Beach",NA
12101,"Pasco",0
12103,"Pinellas",0
12105,"Polk",NA
12107,"Putnam",NA
12109,"St. Johns",NA
12111,"St. Lucie",NA
12113,"Santa Rosa",0
12115,"Sarasota",NA
12117,"Seminole",NA
12119,"Sumter",NA
12121,"Suwannee",NA
12123,"Taylor",NA
12125,"Union",NA
12127,"Volusia",0
12129,"Wakulla",NA
12131,"Walton",NA
12133,"Washington",NA
13001,"Appling",NA
13003,"Atkinson",NA
13005,"Bacon",NA
13007,"Baker",NA
13009,"Baldwin",NA
13011,"Banks",NA
13013,"Barrow",NA
13015,"Bartow",NA
13017,"Ben Hill",NA
13019,"Berrien",NA
13021,"Bibb",NA
13023,"Bleckley",NA
13025,"Brantley",NA
13027,"Brooks",NA
13029,"Bryan",NA
13031,"Bulloch",NA
13033,"Burke",NA
13035,"Butts",NA
13037,"Calhoun",NA
13039,"Camden",NA
13043,"Candler",NA
13045,"Carroll",NA
13047,"Catoosa",NA
13049,"Charlton",0
13051,"Chatham",NA
13053,"Chattahoochee",NA
13055,"Chattooga",NA
13057,"Cherokee",0
13059,"Clarke",NA
13061,"Clay",NA
13063,"Clayton",NA
13065,"Clinch",NA
13067,"Cobb",0
13069,"Coffee",NA
13071,"Colquitt",NA
13073,"Columbia",NA
13075,"Cook",NA
13077,"Coweta",NA
13079,"Crawford",NA
13081,"Crisp",NA
13083,"Dade",NA
13085,"Dawson",NA
13087,"Decatur",NA
13089,"Dekalb",NA
13091,"Dodge",NA
13093,"Dooly",NA
13095,"Dougherty",NA
13097,"Douglas",NA
13099,"Early",NA
13101,"Echols",NA
13103,"Effingham",NA
13105,"Elbert",NA
13107,"Emanuel",NA
13109,"Evans",NA
13111,"Fannin",NA
13113,"Fayette",0
13115,"Floyd",0
13117,"Forsyth",NA
13119,"Franklin",NA
13121,"Fulton",0
13123,"Gilmer",NA
13125,"Glascock",NA
13127,"Glynn",NA
13129,"Gordon",NA
13131,"Grady",NA
13133,"Greene",NA
13135,"Gwinnett",0
13137,"Habersham",NA
13139,"Hall",NA
13141,"Hancock",NA
13143,"Haralson",NA
13145,"Harris",NA
13147,"Hart",NA
13149,"Heard",NA
13151,"Henry",NA
13153,"Houston",NA
13155,"Irwin",NA
13157,"Jackson",NA
13159,"Jasper",NA
13161,"Jeff Davis",NA
13163,"Jefferson",NA
13165,"Jenkins",NA
13167,"Johnson",NA
13169,"Jones",NA
13171,"Lamar",NA
13173,"Lanier",NA
13175,"Laurens",NA
13177,"Lee",NA
13179,"Liberty",NA
13181,"Lincoln",NA
13183,"Long",NA
13185,"Lowndes",NA
13187,"Lumpkin",NA
13189,"Mcduffie",NA
13191,"Mcintosh",NA
13193,"Macon",NA
13195,"Madison",NA
13197,"Marion",NA
13199,"Meriwether",NA
13201,"Miller",NA
13205,"Mitchell",NA
13207,"Monroe",NA
13209,"Montgomery",NA
13211,"Morgan",NA
13213,"Murray",NA
13215,"Muscogee",NA
13217,"Newton",NA
13219,"Oconee",NA
13221,"Oglethorpe",NA
13223,"Paulding",NA
13225,"Peach",NA
13227,"Pickens",NA
13229,"Pierce",NA
13231,"Pike",NA
13233,"Polk",0
13235,"Pulaski",NA
13237,"Putnam",NA
13239,"Quitman",NA
13241,"Rabun",NA
13243,"Randolph",NA
13245,"Richmond",NA
13247,"Rockdale",NA
13249,"Schley",NA
13251,"Screven",NA
13253,"Seminole",NA
13255,"Spalding",NA
13257,"Stephens",NA
13259,"Stewart",NA
13261,"Sumter",NA
13263,"Talbot",NA
13265,"Taliaferro",NA
13267,"Tattnall",NA
13269,"Taylor",NA
13271,"Telfair",NA
13273,"Terrell",NA
13275,"Thomas",NA
13277,"Tift",NA
13279,"Toombs",NA
13281,"Towns",NA
13283,"Treutlen",NA
13285,"Troup",NA
13287,"Turner",NA
13289,"Twiggs",NA
13291,"Union",NA
13293,"Upson",NA
13295,"Walker",NA
13297,"Walton",NA
13299,"Ware",NA
13301,"Warren",NA
13303,"Washington",NA
13305,"Wayne",NA
13307,"Webster",NA
13309,"Wheeler",NA
13311,"White",NA
13313,"Whitfield",NA
13315,"Wilcox",NA
13317,"Wilkes",NA
13319,"Wilkinson",NA
13321,"Worth",NA
15001,"Hawaii",NA
15003,"Honolulu",0
15005,"Kalawao",NA
15007,"Kauai",NA
15009,"Maui",NA
16001,"Ada",NA
16003,"Adams",NA
16005,"Bannock",NA
16007,"Bear Lake",NA
16009,"Benewah",NA
16011,"Bingham",NA
16013,"Blaine",NA
16015,"Boise",NA
16017,"Bonner",NA
16019,"Bonneville",NA
16021,"Boundary",NA
16023,"Butte",NA
16025,"Camas",NA
16027,"Canyon",NA
16029,"Caribou",NA
16031,"Cassia",NA
16033,"Clark",NA
16035,"Clearwater",NA
16037,"Custer",NA
16039,"Elmore",NA
16041,"Franklin",NA
16043,"Fremont",NA
16045,"Gem",NA
16047,"Gooding",NA
16049,"Idaho",NA
16051,"Jefferson",NA
16053,"Jerome",NA
16055,"Kootenai",NA
16057,"Latah",NA
16059,"Lemhi",NA
16061,"Lewis",NA
16063,"Lincoln",NA
16065,"Madison",NA
16067,"Minidoka",NA
16069,"Nez Perce",NA
16071,"Oneida",NA
16073,"Owyhee",NA
16075,"Payette",NA
16077,"Power",NA
16079,"Shoshone",NA
16081,"Teton",NA
16083,"Twin Falls",NA
16085,"Valley",NA
16087,"Washington",NA
17001,"Adams",NA
17003,"Alexander",NA
17005,"Bond",NA
17007,"Boone",NA
17009,"Brown",NA
17011,"Bureau",NA
17013,"Calhoun",NA
17015,"Carroll",NA
17017,"Cass",NA
17019,"Champaign",NA
17021,"Christian",NA
17023,"Clark",NA
17025,"Clay",NA
17027,"Clinton",NA
17029,"Coles",NA
17031,"Cook",0
17033,"Crawford",NA
17035,"Cumberland",NA
17037,"Dekalb",NA
17039,"De Witt",NA
17041,"Douglas",NA
17043,"Dupage",NA
17045,"Edgar",NA
17047,"Edwards",NA
17049,"Effingham",NA
17051,"Fayette",NA
17053,"Ford",NA
17055,"Franklin",NA
17057,"Fulton",NA
17059,"Gallatin",NA
17061,"Greene",NA
17063,"Grundy",NA
17065,"Hamilton",NA
17067,"Hancock",NA
17069,"Hardin",NA
17071,"Henderson",NA
17073,"Henry",NA
17075,"Iroquois",NA
17077,"Jackson",NA
17079,"Jasper",NA
17081,"Jefferson",NA
17083,"Jersey",NA
17085,"Jo Daviess",NA
17087,"Johnson",NA
17089,"Kane",0
17091,"Kankakee",NA
17093,"Kendall",NA
17095,"Knox",NA
17097,"Lake",0
17099,"Lasalle",NA
17101,"Lawrence",NA
17103,"Lee",NA
17105,"Livingston",NA
17107,"Logan",NA
17109,"Mcdonough",NA
17111,"Mchenry",NA
17113,"Mclean",NA
17115,"Macon",NA
17117,"Macoupin",NA
17119,"Madison",NA
17121,"Marion",NA
17123,"Marshall",NA
17125,"Mason",NA
17127,"Massac",NA
17129,"Menard",NA
17131,"Mercer",NA
17133,"Monroe",NA
17135,"Montgomery",NA
17137,"Morgan",NA
17139,"Moultrie",NA
17141,"Ogle",NA
17143,"Peoria",NA
17145,"Perry",NA
17147,"Piatt",NA
17149,"Pike",NA
17151,"Pope",NA
17153,"Pulaski",NA
17155,"Putnam",NA
17157,"Randolph",NA
17159,"Richland",NA
17161,"Rock Island",NA
17163,"St. Clair",NA
17165,"Saline",NA
17167,"Sangamon",NA
17169,"Schuyler",NA
17171,"Scott",NA
17173,"Shelby",NA
17175,"Stark",NA
17177,"Stephenson",NA
17179,"Tazewell",NA
17181,"Union",NA
17183,"Vermilion",NA
17185,"Wabash",NA
17187,"Warren",NA
17189,"Washington",NA
17191,"Wayne",NA
17193,"White",NA
17195,"Whiteside",NA
17197,"will",NA
17199,"Williamson",NA
17201,"Winnebago",NA
17203,"Woodford",NA
18001,"Adams",0
18003,"Allen",NA
18005,"Bartholomew",NA
18007,"Benton",NA
18009,"Blackford",NA
18011,"Boone",0
18013,"Brown",NA
18015,"Carroll",NA
18017,"Cass",NA
18019,"Clark",NA
18021,"Clay",NA
18023,"Clinton",NA
18025,"Crawford",NA
18027,"Daviess",NA
18029,"Dearborn",NA
18031,"Decatur",NA
18033,"Dekalb",NA
18035,"Delaware",NA
18037,"Dubois",NA
18039,"Elkhart",NA
18041,"Fayette",NA
18043,"Floyd",NA
18045,"Fountain",NA
18047,"Franklin",NA
18049,"Fulton",NA
18051,"Gibson",NA
18053,"Grant",NA
18055,"Greene",NA
18057,"Hamilton",NA
18059,"Hancock",NA
18061,"Harrison",NA
18063,"Hendricks",0
18065,"Henry",NA
18067,"Howard",0
18069,"Huntington",NA
18071,"Jackson",NA
18073,"Jasper",NA
18075,"Jay",NA
18077,"Jefferson",NA
18079,"Jennings",NA
18081,"Johnson",0
18083,"Knox",NA
18085,"Kosciusko",NA
18087,"Lagrange",NA
18089,"Lake",NA
18091,"Laporte",NA
18093,"Lawrence",NA
18095,"Madison",NA
18097,"Marion",0
18099,"Marshall",NA
18101,"Martin",NA
18103,"Miami",NA
18105,"Monroe",NA
18107,"Montgomery",NA
18109,"Morgan",NA
18111,"Newton",NA
18113,"Noble",0
18115,"Ohio",NA
18117,"Orange",NA
18119,"Owen",NA
18121,"Parke",NA
18123,"Perry",NA
18125,"Pike",NA
18127,"Porter",NA
18129,"Posey",NA
18131,"Pulaski",NA
18133,"Putnam",NA
18135,"Randolph",NA
18137,"Ripley",NA
18139,"Rush",NA
18141,"St. Joseph",0
18143,"Scott",NA
18145,"Shelby",NA
18147,"Spencer",NA
18149,"Starke",NA
18151,"Steuben",NA
18153,"Sullivan",NA
18155,"Switzerland",NA
18157,"Tippecanoe",NA
18159,"Tipton",NA
18161,"Union",NA
18163,"Vanderburgh",NA
18165,"Vermillion",NA
18167,"Vigo",NA
18169,"Wabash",NA
18171,"Warren",NA
18173,"Warrick",NA
18175,"Washington",NA
18177,"Wayne",NA
18179,"Wells",NA
18181,"White",NA
18183,"Whitley",NA
19001,"Adair",NA
19003,"Adams",NA
19005,"Allamakee",NA
19007,"Appanoose",NA
19009,"Audubon",NA
19011,"Benton",NA
19013,"Black Hawk",NA
19015,"Boone",NA
19017,"Bremer",NA
19019,"Buchanan",NA
19021,"Buena Vista",NA
19023,"Butler",NA
19025,"Calhoun",NA
19027,"Carroll",NA
19029,"Cass",NA
19031,"Cedar",NA
19033,"Cerro Gordo",NA
19035,"Cherokee",NA
19037,"Chickasaw",NA
19039,"Clarke",NA
19041,"Clay",NA
19043,"Clayton",NA
19045,"Clinton",NA
19047,"Crawford",NA
19049,"Dallas",NA
19051,"Davis",NA
19053,"Decatur",NA
19055,"Delaware",NA
19057,"Des Moines",NA
19059,"Dickinson",NA
19061,"Dubuque",NA
19063,"Emmet",NA
19065,"Fayette",NA
19067,"Floyd",NA
19069,"Franklin",NA
19071,"Fremont",NA
19073,"Greene",NA
19075,"Grundy",NA
19077,"Guthrie",NA
19079,"Hamilton",NA
19081,"Hancock",NA
19083,"Hardin",NA
19085,"Harrison",NA
19087,"Henry",NA
19089,"Howard",NA
19091,"Humboldt",NA
19093,"Ida",NA
19095,"Iowa",NA
19097,"Jackson",NA
19099,"Jasper",NA
19101,"Jefferson",NA
19103,"Johnson",0
19105,"Jones",NA
19107,"Keokuk",NA
19109,"Kossuth",NA
19111,"Lee",NA
19113,"Linn",NA
19115,"Louisa",NA
19117,"Lucas",NA
19119,"Lyon",NA
19121,"Madison",NA
19123,"Mahaska",NA
19125,"Marion",NA
19127,"Marshall",NA
19129,"Mills",NA
19131,"Mitchell",NA
19133,"Monona",NA
19135,"Monroe",NA
19137,"Montgomery",NA
19139,"Muscatine",NA
19141,"O'brien",NA
19143,"Osceola",NA
19145,"Page",NA
19147,"Palo Alto",NA
19149,"Plymouth",NA
19151,"Pocahontas",NA
19153,"Polk",NA
19155,"Pottawattamie",0
19157,"Poweshiek",NA
19159,"Ringgold",NA
19161,"Sac",NA
19163,"Scott",NA
19165,"Shelby",NA
19167,"Sioux",NA
19169,"Story",NA
19171,"Tama",NA
19173,"Taylor",NA
19175,"Union",NA
19177,"Van Buren",NA
19179,"Wapello",NA
19181,"Warren",NA
19183,"Washington",NA
19185,"Wayne",NA
19187,"Webster",NA
19189,"Winnebago",NA
19191,"Winneshiek",NA
19193,"Woodbury",NA
19195,"Worth",NA
19197,"Wright",NA
20,"Allen",NA
20,"Anderson",NA
20,"Atchison",NA
20,"Barber",NA
20,"Barton",NA
20011,"Bourbon",NA
20013,"Brown",NA
20015,"Butler",NA
20017,"Chase",NA
20019,"Chautauqua",NA
20021,"Cherokee",NA
20023,"Cheyenne",NA
20025,"Clark",NA
20027,"Clay",NA
20029,"Cloud",NA
20031,"Coffey",NA
20033,"Comanche",NA
20035,"Cowley",NA
20037,"Crawford",NA
20039,"Decatur",NA
20041,"Dickinson",NA
20043,"Doniphan",NA
20045,"Douglas",NA
20047,"Edwards",NA
20049,"Elk",NA
20051,"Ellis",NA
20053,"Ellsworth",NA
20055,"Finney",NA
20057,"Ford",NA
20059,"Franklin",NA
20061,"Geary",NA
20063,"Gove",NA
20065,"Graham",NA
20067,"Grant",NA
20069,"Gray",NA
20071,"Greeley",NA
20073,"Greenwood",NA
20075,"Hamilton",NA
20077,"Harper",NA
20079,"Harvey",NA
20081,"Haskell",NA
20083,"Hodgeman",NA
20085,"Jackson",NA
20087,"Jefferson",NA
20089,"Jewell",NA
20091,"Johnson",0
20093,"Kearny",NA
20095,"Kingman",NA
20097,"Kiowa",NA
20099,"Labette",NA
20101,"Lane",NA
20103,"Leavenworth",NA
20105,"Lincoln",NA
20107,"Linn",NA
20109,"Logan",NA
20111,"Lyon",NA
20113,"Mcpherson",NA
20115,"Marion",NA
20117,"Marshall",NA
20119,"Meade",NA
20121,"Miami",NA
20123,"Mitchell",NA
20125,"Montgomery",NA
20127,"Morris",NA
20129,"Morton",NA
20131,"Nemaha",NA
20133,"Neosho",NA
20135,"Ness",NA
20137,"Norton",NA
20139,"Osage",NA
20141,"Osborne",NA
20143,"Ottawa",NA
20145,"Pawnee",NA
20147,"Phillips",NA
20149,"Pottawatomie",NA
20151,"Pratt",NA
20153,"Rawlins",NA
20155,"Reno",NA
20157,"Republic",NA
20159,"Rice",NA
20161,"Riley",NA
20163,"Rooks",NA
20165,"Rush",NA
20167,"Russell",NA
20169,"Saline",NA
20171,"Scott",NA
20173,"Sedgwick",NA
20175,"Seward",NA
20177,"Shawnee",NA
20179,"Sheridan",NA
20181,"Sherman",NA
20183,"Smith",NA
20185,"Stafford",NA
20187,"Stanton",NA
20189,"Stevens",NA
20191,"Sumner",NA
20193,"Thomas",NA
20195,"Trego",NA
20197,"Wabaunsee",NA
20199,"Wallace",NA
20201,"Washington",NA
20203,"Wichita",NA
20205,"Wilson",NA
20207,"Woodson",NA
20209,"Wyandotte",NA
21001,"Adair",NA
21003,"Allen",NA
21005,"Anderson",NA
21007,"Ballard",NA
21009,"Barren",NA
21011,"Bath",NA
21013,"Bell",NA
21015,"Boone",NA
21017,"Bourbon",NA
21019,"Boyd",NA
21021,"Boyle",NA
21023,"Bracken",NA
21025,"Breathitt",NA
21027,"Breckinridge",NA
21029,"Bullitt",NA
21031,"Butler",NA
21033,"Caldwell",NA
21035,"Calloway",NA
21037,"Campbell",NA
21039,"Carlisle",NA
21041,"Carroll",NA
21043,"Carter",NA
21045,"Casey",NA
21047,"Christian",NA
21049,"Clark",NA
21051,"Clay",NA
21053,"Clinton",NA
21055,"Crittenden",NA
21057,"Cumberland",NA
21059,"Daviess",NA
21061,"Edmonson",NA
21063,"Elliott",NA
21065,"Estill",NA
21067,"Fayette",0
21069,"Fleming",NA
21071,"Floyd",NA
21073,"Franklin",NA
21075,"Fulton",NA
21077,"Gallatin",NA
21079,"Garrard",NA
21081,"Grant",NA
21083,"Graves",NA
21085,"Grayson",NA
21087,"Green",NA
21089,"Greenup",NA
21091,"Hancock",NA
21093,"Hardin",NA
21095,"Harlan",NA
21097,"Harrison",0
21099,"Hart",NA
21101,"Henderson",NA
21103,"Henry",NA
21105,"Hickman",NA
21107,"Hopkins",NA
21109,"Jackson",NA
21111,"Jefferson",0
21113,"Jessamine",NA
21115,"Johnson",NA
21117,"Kenton",NA
21119,"Knott",NA
21121,"Knox",NA
21123,"Larue",NA
21125,"Laurel",NA
21127,"Lawrence",NA
21129,"Lee",NA
21131,"Leslie",NA
21133,"Letcher",NA
21135,"Lewis",NA
21137,"Lincoln",NA
21139,"Livingston",NA
21141,"Logan",NA
21143,"Lyon",NA
21145,"Mccracken",NA
21147,"Mccreary",NA
21149,"Mclean",NA
21151,"Madison",NA
21153,"Magoffin",NA
21155,"Marion",NA
21157,"Marshall",NA
21159,"Martin",NA
21161,"Mason",NA
21163,"Meade",NA
21165,"Menifee",NA
21167,"Mercer",NA
21169,"Metcalfe",NA
21171,"Monroe",NA
21173,"Montgomery",NA
21175,"Morgan",NA
21177,"Muhlenberg",NA
21179,"Nelson",NA
21181,"Nicholas",NA
21183,"Ohio",NA
21185,"Oldham",NA
21187,"Owen",NA
21189,"Owsley",NA
21191,"Pendleton",NA
21193,"Perry",NA
21195,"Pike",NA
21197,"Powell",NA
21199,"Pulaski",NA
21201,"Robertson",NA
21203,"Rockcastle",NA
21205,"Rowan",NA
21207,"Russell",NA
21209,"Scott",NA
21211,"Shelby",NA
21213,"Simpson",NA
21215,"Spencer",NA
21217,"Taylor",NA
21219,"Todd",NA
21221,"Trigg",NA
21223,"Trimble",NA
21225,"Union",NA
21227,"Warren",NA
21229,"Washington",NA
21231,"Wayne",NA
21233,"Webster",NA
21235,"Whitley",NA
21237,"Wolfe",NA
21239,"Woodford",NA
22001,"Acadia Parish",NA
22003,"Allen Parish",NA
22005,"Ascension Parish",NA
22007,"Assumption Parish",NA
22009,"Avoyelles Parish",NA
22011,"Beauregard Parish",NA
22013,"Bienville Parish",NA
22015,"Bossier Parish",NA
22017,"Caddo Parish",NA
22019,"Calcasieu Parish",NA
22021,"Caldwell Parish",NA
22023,"Cameron Parish",NA
22025,"Catahoula Parish",NA
22027,"Claiborne Parish",NA
22029,"Concordia Parish",NA
22031,"De Soto Parish",NA
22033,"East Baton Rouge Parish",NA
22035,"East Carroll Parish",NA
22037,"East Feliciana Parish",NA
22039,"Evangeline Parish",NA
22041,"Franklin Parish",NA
22043,"Grant Parish",NA
22045,"Iberia Parish",NA
22047,"Iberville Parish",NA
22049,"Jackson Parish",NA
22051,"Jefferson Parish",0
22053,"Jefferson Davis Parish",NA
22055,"Lafayette Parish",NA
22057,"Lafourche Parish",NA
22059,"La Salle Parish",NA
22061,"Lincoln Parish",NA
22063,"Livingston Parish",NA
22065,"Madison Parish",NA
22067,"Morehouse Parish",NA
22069,"Natchitoches Parish",NA
22071,"Orleans Parish",NA
22073,"Ouachita Parish",NA
22075,"Plaquemines Parish",NA
22077,"Pointe Coupee Parish",NA
22079,"Rapides Parish",NA
22081,"Red River Parish",NA
22083,"Richland Parish",NA
22085,"Sabine Parish",NA
22087,"St. Bernard Parish",NA
22089,"St. Charles Parish",NA
22091,"St. Helena Parish",NA
22093,"St. James Parish",NA
22095,"St. John the Baptist Parish",NA
22097,"St. Landry Parish",NA
22099,"St. Martin Parish",NA
22101,"St. Mary Parish",NA
22103,"St. Tammany Parish",NA
22105,"Tangipahoa Parish",NA
22107,"Tensas Parish",NA
22109,"Terrebonne Parish",NA
22111,"Union Parish",NA
22113,"Vermilion Parish",NA
22115,"Vernon Parish",NA
22117,"Washington Parish",NA
22119,"Webster Parish",NA
22121,"West Baton Rouge Parish",NA
22123,"West Carroll Parish",NA
22125,"West Feliciana Parish",NA
22127,"Winn Parish",NA
23001,"Androscoggin",NA
23003,"Aroostook",NA
23005,"Cumberland",NA
23007,"Franklin",NA
23009,"Hancock",NA
23011,"Kennebec",NA
23013,"Knox",NA
23015,"Lincoln",NA
23017,"Oxford",NA
23019,"Penobscot",NA
23021,"Piscataquis",NA
23023,"Sagadahoc",NA
23025,"Somerset",NA
23027,"Waldo",NA
23029,"Washington",NA
23031,"York",NA
24001,"Allegany",NA
24003,"Anne Arundel",NA
24005,"Baltimore",NA
24009,"Calvert",NA
24011,"Caroline",NA
24013,"Carroll",NA
24015,"Cecil",NA
24017,"Charles",NA
24019,"Dorchester",NA
24021,"Frederick",NA
24023,"Garrett",NA
24025,"Harford",0
24027,"Howard",NA
24029,"Kent",NA
24031,"Montgomery",0
24033,"Prince George's",0
24035,"Queen Anne's",NA
24037,"St. Mary's",NA
24039,"Somerset",NA
24041,"Talbot",NA
24043,"Washington",NA
24045,"Wicomico",NA
24047,"Worcester",NA
24510,"Baltimore City",NA
25001,"Barnstable",NA
25003,"Berkshire",0
25005,"Bristol",NA
25007,"Dukes",NA
25009,"Essex",0
25011,"Franklin",NA
25013,"Hampden",NA
25015,"Hampshire",NA
25017,"Middlesex",0
25019,"Nantucket",NA
25021,"Norfolk",0
25023,"Plymouth",NA
25025,"Suffolk",0
25027,"Worcester",0
26001,"Alcona",NA
26003,"Alger",NA
26005,"Allegan",NA
26007,"Alpena",NA
26009,"Antrim",NA
26011,"Arenac",NA
26013,"Baraga",NA
26015,"Barry",NA
26017,"Bay",NA
26019,"Benzie",NA
26021,"Berrien",NA
26023,"Branch",NA
26025,"Calhoun",NA
26027,"Cass",NA
26029,"Charlevoix",NA
26031,"Cheboygan",NA
26033,"Chippewa",NA
26035,"Clare",NA
26037,"Clinton",NA
26039,"Crawford",NA
26041,"Delta",NA
26043,"Dickinson",NA
26045,"Eaton",NA
26047,"Emmet",NA
26049,"Genesee",NA
26051,"Gladwin",NA
26053,"Gogebic",NA
26055,"Grand Traverse",NA
26057,"Gratiot",NA
26059,"Hillsdale",NA
26061,"Houghton",NA
26063,"Huron",NA
26065,"Ingham",NA
26067,"Ionia",NA
26069,"Iosco",NA
26071,"Iron",NA
26073,"Isabella",NA
26075,"Jackson",NA
26077,"Kalamazoo",NA
26079,"Kalkaska",NA
26081,"Kent",NA
26083,"Keweenaw",NA
26085,"Lake",NA
26087,"Lapeer",NA
26089,"Leelanau",NA
26091,"Lenawee",NA
26093,"Livingston",NA
26095,"Luce",NA
26097,"Mackinac",NA
26099,"Macomb",NA
26101,"Manistee",NA
26103,"Marquette",NA
26105,"Mason",NA
26107,"Mecosta",NA
26109,"Menominee",NA
26111,"Midland",NA
26113,"Missaukee",NA
26115,"Monroe",NA
26117,"Montcalm",NA
26119,"Montmorency",NA
26121,"Muskegon",NA
26123,"Newaygo",NA
26125,"Oakland",0
26127,"Oceana",NA
26129,"Ogemaw",NA
26131,"Ontonagon",NA
26133,"Osceola",NA
26135,"Oscoda",NA
26137,"Otsego",NA
26139,"Ottawa",NA
26141,"Presque Isle",NA
26143,"Roscommon",NA
26145,"Saginaw",NA
26147,"St. Clair",NA
26149,"St. Joseph",NA
26151,"Sanilac",NA
26153,"Schoolcraft",NA
26155,"Shiawassee",NA
26157,"Tuscola",NA
26159,"Van Buren",NA
26161,"Washtenaw",NA
26163,"Wayne",0
26165,"Wexford",NA
27001,"Aitkin",NA
27003,"Anoka",0
27005,"Becker",NA
27007,"Beltrami",NA
27009,"Benton",NA
27011,"Big Stone",NA
27013,"Blue Earth",NA
27015,"Brown",NA
27017,"Carlton",NA
27019,"Carver",0
27021,"Cass",NA
27023,"Chippewa",NA
27025,"Chisago",NA
27027,"Clay",NA
27029,"Clearwater",NA
27031,"Cook",NA
27033,"Cottonwood",NA
27035,"Crow Wing",NA
27037,"Dakota",NA
27039,"Dodge",NA
27041,"Douglas",NA
27043,"Faribault",NA
27045,"Fillmore",NA
27047,"Freeborn",NA
27049,"Goodhue",NA
27051,"Grant",NA
27053,"Hennepin",NA
27055,"Houston",NA
27057,"Hubbard",NA
27059,"Isanti",NA
27061,"Itasca",NA
27063,"Jackson",NA
27065,"Kanabec",NA
27067,"Kandiyohi",NA
27069,"Kittson",NA
27071,"Koochiching",NA
27073,"Lac Qui Parle",NA
27075,"Lake",NA
27077,"Lake of the Woods",NA
27079,"Le Sueur",NA
27081,"Lincoln",NA
27083,"Lyon",NA
27085,"Mcleod",NA
27087,"Mahnomen",NA
27089,"Marshall",NA
27091,"Martin",NA
27093,"Meeker",NA
27095,"Mille Lacs",NA
27097,"Morrison",NA
27099,"Mower",NA
27101,"Murray",NA
27103,"Nicollet",NA
27105,"Nobles",NA
27107,"Norman",NA
27109,"Olmsted",0
27111,"Otter Tail",NA
27113,"Pennington",NA
27115,"Pine",NA
27117,"Pipestone",NA
27119,"Polk",NA
27121,"Pope",NA
27123,"Ramsey",0
27125,"Red Lake",NA
27127,"Redwood",NA
27129,"Renville",NA
27131,"Rice",NA
27133,"Rock",NA
27135,"Roseau",NA
27137,"St. Louis",NA
27139,"Scott",NA
27141,"Sherburne",NA
27143,"Sibley",NA
27145,"Stearns",NA
27147,"Steele",NA
27149,"Stevens",NA
27151,"Swift",NA
27153,"Todd",NA
27155,"Traverse",NA
27157,"Wabasha",NA
27159,"Wadena",NA
27161,"Waseca",NA
27163,"Washington",NA
27165,"Watonwan",NA
27167,"Wilkin",NA
27169,"Winona",NA
27171,"Wright",NA
27173,"Yellow Medicine",NA
28001,"Adams",NA
28003,"Alcorn",NA
28005,"Amite",NA
28007,"Attala",NA
28009,"Benton",NA
28011,"Bolivar",NA
28013,"Calhoun",NA
28015,"Carroll",NA
28017,"Chickasaw",NA
28019,"Choctaw",NA
28021,"Claiborne",NA
28023,"Clarke",NA
28025,"Clay",NA
28027,"Coahoma",NA
28029,"Copiah",NA
28031,"Covington",NA
28033,"Desoto",NA
28035,"Forrest",NA
28037,"Franklin",NA
28039,"George",NA
28041,"Greene",NA
28043,"Grenada",NA
28045,"Hancock",NA
28047,"Harrison",NA
28049,"Hinds",NA
28051,"Holmes",NA
28053,"Humphreys",NA
28055,"Issaquena",NA
28057,"Itawamba",NA
28059,"Jackson",NA
28061,"Jasper",NA
28063,"Jefferson",NA
28065,"Jefferson Davis",NA
28067,"Jones",NA
28069,"Kemper",NA
28071,"Lafayette",NA
28073,"Lamar",NA
28075,"Lauderdale",NA
28077,"Lawrence",NA
28079,"Leake",NA
28081,"Lee",NA
28083,"Leflore",NA
28085,"Lincoln",NA
28087,"Lowndes",NA
28089,"Madison",NA
28091,"Marion",NA
28093,"Marshall",NA
28095,"Monroe",NA
28097,"Montgomery",NA
28099,"Neshoba",NA
28101,"Newton",NA
28103,"Noxubee",NA
28105,"Oktibbeha",NA
28107,"Panola",NA
28109,"Pearl River",NA
28111,"Perry",NA
28113,"Pike",NA
28115,"Pontotoc",NA
28117,"Prentiss",NA
28119,"Quitman",NA
28121,"Rankin",NA
28123,"Scott",NA
28125,"Sharkey",NA
28127,"Simpson",NA
28129,"Smith",NA
28131,"Stone",NA
28133,"Sunflower",NA
28135,"Tallahatchie",NA
28137,"Tate",NA
28139,"Tippah",NA
28141,"Tishomingo",NA
28143,"Tunica",NA
28145,"Union",NA
28147,"Walthall",NA
28149,"Warren",NA
28151,"Washington",NA
28153,"Wayne",NA
28155,"Webster",NA
28157,"Wilkinson",NA
28159,"Winston",NA
28161,"Yalobusha",NA
28163,"Yazoo",NA
29001,"Adair",NA
29003,"Andrew",NA
29005,"Atchison",NA
29007,"Audrain",NA
29009,"Barry",NA
29011,"Barton",NA
29013,"Bates",NA
29015,"Benton",NA
29017,"Bollinger",NA
29019,"Boone",NA
29021,"Buchanan",NA
29023,"Butler",NA
29025,"Caldwell",NA
29027,"Callaway",NA
29029,"Camden",NA
29031,"Cape Girardeau",NA
29033,"Carroll",NA
29035,"Carter",NA
29037,"Cass",NA
29039,"Cedar",NA
29041,"Chariton",NA
29043,"Christian",NA
29045,"Clark",NA
29047,"Clay",NA
29049,"Clinton",NA
29051,"Cole",NA
29053,"Cooper",NA
29055,"Crawford",NA
29057,"Dade",NA
29059,"Dallas",NA
29061,"Daviess",NA
29063,"Dekalb",NA
29065,"Dent",NA
29067,"Douglas",NA
29069,"Dunklin",NA
29071,"Franklin",NA
29073,"Gasconade",NA
29075,"Gentry",NA
29077,"Greene",NA
29079,"Grundy",NA
29081,"Harrison",NA
29083,"Henry",NA
29085,"Hickory",NA
29087,"Holt",NA
29089,"Howard",NA
29091,"Howell",NA
29093,"Iron",NA
29095,"Jackson",NA
29097,"Jasper",NA
29099,"Jefferson",NA
29101,"Johnson",NA
29103,"Knox",NA
29105,"Laclede",NA
29107,"Lafayette",NA
29109,"Lawrence",NA
29111,"Lewis",NA
29113,"Lincoln",NA
29115,"Linn",NA
29117,"Livingston",NA
29119,"Mcdonald",NA
29121,"Macon",NA
29123,"Madison",NA
29125,"Maries",NA
29127,"Marion",NA
29129,"Mercer",NA
29131,"Miller",NA
29133,"Mississippi",NA
29135,"Moniteau",NA
29137,"Monroe",NA
29139,"Montgomery",NA
29141,"Morgan",NA
29143,"New Madrid",NA
29145,"Newton",NA
29147,"Nodaway",NA
29149,"Oregon",NA
29151,"Osage",NA
29153,"Ozark",NA
29155,"Pemiscot",NA
29157,"Perry",NA
29159,"Pettis",NA
29161,"Phelps",NA
29163,"Pike",NA
29165,"Platte",NA
29167,"Polk",NA
29169,"Pulaski",NA
29171,"Putnam",NA
29173,"Ralls",NA
29175,"Randolph",NA
29177,"Ray",NA
29179,"Reynolds",NA
29181,"Ripley",NA
29183,"St. Charles",NA
29185,"St. Clair",NA
29186,"Ste. Genevieve",NA
29187,"St. Francois",NA
29189,"St. Louis",0
29195,"Saline",NA
29197,"Schuyler",NA
29199,"Scotland",NA
29201,"Scott",NA
29203,"Shannon",NA
29205,"Shelby",NA
29207,"Stoddard",NA
29209,"Stone",NA
29211,"Sullivan",NA
29213,"Taney",NA
29215,"Texas",NA
29217,"Vernon",NA
29219,"Warren",NA
29221,"Washington",NA
29223,"Wayne",NA
29225,"Webster",NA
29227,"Worth",NA
29229,"Wright",NA
29510,"St. Louis City",NA
30,"Beaverhead",NA
30,"Big Horn",NA
30,"Blaine",NA
30,"Broadwater",NA
30,"Carbon",NA
30011,"Carter",NA
30013,"Cascade",NA
30015,"Chouteau",NA
30017,"Custer",NA
30019,"Daniels",NA
30021,"Dawson",NA
30023,"Deer Lodge",NA
30025,"Fallon",NA
30027,"Fergus",NA
30029,"Flathead",NA
30031,"Gallatin",NA
30033,"Garfield",NA
30035,"Glacier",NA
30037,"Golden Valley",NA
30039,"Granite",NA
30041,"Hill",NA
30043,"Jefferson",NA
30045,"Judith Basin",NA
30047,"Lake",NA
30049,"Lewis and Clark",NA
30051,"Liberty",NA
30053,"Lincoln",NA
30055,"Mccone",NA
30057,"Madison",NA
30059,"Meagher",NA
30061,"Mineral",NA
30063,"Missoula",NA
30065,"Musselshell",NA
30067,"Park",NA
30069,"Petroleum",NA
30071,"Phillips",NA
30073,"Pondera",NA
30075,"Powder River",NA
30077,"Powell",NA
30079,"Prairie",NA
30081,"Ravalli",NA
30083,"Richland",NA
30085,"Roosevelt",NA
30087,"Rosebud",NA
30089,"Sanders",NA
30091,"Sheridan",NA
30093,"Silver Bow",NA
30095,"Stillwater",NA
30097,"Sweet Grass",NA
30099,"Teton",NA
30101,"Toole",NA
30103,"Treasure",NA
30105,"Valley",NA
30107,"Wheatland",NA
30109,"Wibaux",NA
30111,"Yellowstone",NA
31001,"Adams",NA
31003,"Antelope",NA
31005,"Arthur",NA
31007,"Banner",NA
31009,"Blaine",NA
31011,"Boone",NA
31013,"Box Butte",NA
31015,"Boyd",NA
31017,"Brown",NA
31019,"Buffalo",NA
31021,"Burt",NA
31023,"Butler",NA
31025,"Cass",NA
31027,"Cedar",NA
31029,"Chase",NA
31031,"Cherry",NA
31033,"Cheyenne",NA
31035,"Clay",NA
31037,"Colfax",NA
31039,"Cuming",NA
31041,"Custer",NA
31043,"Dakota",NA
31045,"Dawes",NA
31047,"Dawson",NA
31049,"Deuel",NA
31051,"Dixon",NA
31053,"Dodge",NA
31055,"Douglas",0
31057,"Dundy",NA
31059,"Fillmore",NA
31061,"Franklin",NA
31063,"Frontier",NA
31065,"Furnas",NA
31067,"Gage",NA
31069,"Garden",NA
31071,"Garfield",NA
31073,"Gosper",NA
31075,"Grant",NA
31077,"Greeley",NA
31079,"Hall",NA
31081,"Hamilton",NA
31083,"Harlan",NA
31085,"Hayes",NA
31087,"Hitchcock",NA
31089,"Holt",NA
31091,"Hooker",NA
31093,"Howard",NA
31095,"Jefferson",NA
31097,"Johnson",NA
31099,"Kearney",NA
31101,"Keith",NA
31103,"Keya Paha",NA
31105,"Kimball",NA
31107,"Knox",0
31109,"Lancaster",NA
31111,"Lincoln",NA
31113,"Logan",NA
31115,"Loup",NA
31117,"Mcpherson",NA
31119,"Madison",NA
31121,"Merrick",NA
31123,"Morrill",NA
31125,"Nance",NA
31127,"Nemaha",NA
31129,"Nuckolls",NA
31131,"Otoe",NA
31133,"Pawnee",NA
31135,"Perkins",NA
31137,"Phelps",NA
31139,"Pierce",NA
31141,"Platte",NA
31143,"Polk",NA
31145,"Red Willow",NA
31147,"Richardson",NA
31149,"Rock",NA
31151,"Saline",NA
31153,"Sarpy",NA
31155,"Saunders",NA
31157,"Scotts Bluff",NA
31159,"Seward",NA
31161,"Sheridan",NA
31163,"Sherman",NA
31165,"Sioux",NA
31167,"Stanton",NA
31169,"Thayer",NA
31171,"Thomas",NA
31173,"Thurston",NA
31175,"Valley",NA
31177,"Washington",NA
31179,"Wayne",NA
31181,"Webster",NA
31183,"Wheeler",NA
31185,"York",NA
32001,"Churchill",NA
32003,"Clark",0
32005,"Douglas",NA
32007,"Elko",NA
32009,"Esmeralda",NA
32011,"Eureka",NA
32013,"Humboldt",NA
32015,"Lander",NA
32017,"Lincoln",NA
32019,"Lyon",NA
32021,"Mineral",NA
32023,"Nye",NA
32027,"Pershing",NA
32029,"Storey",NA
32031,"Washoe",0
32033,"White Pine",NA
32510,"Carson City",NA
33001,"Belknap",NA
33003,"Carroll",NA
33005,"Cheshire",NA
33007,"Coos",NA
33009,"Grafton",0
33011,"Hillsborough",NA
33013,"Merrimack",NA
33015,"Rockingham",0
33017,"Strafford",NA
33019,"Sullivan",NA
34001,"Atlantic",NA
34003,"Bergen",0
34005,"Burlington",0
34007,"Camden",0
34009,"Cape may",NA
34011,"Cumberland",NA
34013,"Essex",NA
34015,"Gloucester",NA
34017,"Hudson",0
34019,"Hunterdon",NA
34021,"Mercer",NA
34023,"Middlesex",0
34025,"Monmouth",0
34027,"Morris",NA
34029,"Ocean",NA
34031,"Passaic",0
34033,"Salem",NA
34035,"Somerset",NA
34037,"Sussex",NA
34039,"Union",0
34041,"Warren",NA
35001,"Bernalillo",0
35003,"Catron",NA
35005,"Chaves",NA
35006,"Cibola",NA
35007,"Colfax",NA
35009,"Curry",NA
35011,"De Baca",NA
35013,"Doì±a Ana",NA
35015,"Eddy",NA
35017,"Grant",NA
35019,"Guadalupe",NA
35021,"Harding",NA
35023,"Hidalgo",NA
35025,"Lea",NA
35027,"Lincoln",NA
35028,"Los Alamos",NA
35029,"Luna",NA
35031,"Mckinley",NA
35033,"Mora",NA
35035,"Otero",NA
35037,"Quay",NA
35039,"Rio Arriba",NA
35041,"Roosevelt",NA
35043,"Sandoval",NA
35045,"San Juan",NA
35047,"San Miguel",NA
35049,"Santa Fe",NA
35051,"Sierra",NA
35053,"Socorro",0
35055,"Taos",NA
35057,"Torrance",NA
35059,"Union",NA
35061,"Valencia",NA
36001,"Albany",NA
36003,"Allegany",NA
36005,"Bronx",NA
36007,"Broome",NA
36009,"Cattaraugus",NA
36011,"Cayuga",NA
36013,"Chautauqua",NA
36015,"Chemung",NA
36017,"Chenango",NA
36019,"Clinton",NA
36021,"Columbia",NA
36023,"Cortland",NA
36025,"Delaware",NA
36027,"Dutchess",NA
36029,"Erie",NA
36031,"Essex",NA
36033,"Franklin",NA
36035,"Fulton",NA
36037,"Genesee",NA
36039,"Greene",NA
36041,"Hamilton",NA
36043,"Herkimer",NA
36045,"Jefferson",NA
36047,"Kings",NA
36049,"Lewis",NA
36051,"Livingston",NA
36053,"Madison",NA
36055,"Monroe",NA
36057,"Montgomery",NA
36059,"Nassau",0
36061,"New York",0
36063,"Niagara",NA
36065,"Oneida",NA
36067,"Onondaga",NA
36069,"Ontario",NA
36071,"Orange",NA
36073,"Orleans",NA
36075,"Oswego",NA
36077,"Otsego",NA
36079,"Putnam",NA
36081,"Queens",NA
36083,"Rensselaer",NA
36085,"Richmond",NA
36087,"Rockland",0
36089,"St. Lawrence",NA
36091,"Saratoga",0
36093,"Schenectady",NA
36095,"Schoharie",NA
36097,"Schuyler",NA
36099,"Seneca",NA
36101,"Steuben",NA
36103,"Suffolk",0
36105,"Sullivan",NA
36107,"Tioga",NA
36109,"Tompkins",NA
36111,"Ulster",0
36113,"Warren",NA
36115,"Washington",NA
36117,"Wayne",NA
36119,"Westchester",0
36121,"Wyoming",NA
36123,"Yates",NA
37001,"Alamance",NA
37003,"Alexander",NA
37005,"Alleghany",NA
37007,"Anson",NA
37009,"Ashe",NA
37011,"Avery",NA
37013,"Beaufort",NA
37015,"Bertie",NA
37017,"Bladen",NA
37019,"Brunswick",NA
37021,"Buncombe",NA
37023,"Burke",NA
37025,"Cabarrus",NA
37027,"Caldwell",NA
37029,"Camden",0
37031,"Carteret",NA
37033,"Caswell",NA
37035,"Catawba",NA
37037,"Chatham",0
37039,"Cherokee",NA
37041,"Chowan",NA
37043,"Clay",NA
37045,"Cleveland",NA
37047,"Columbus",NA
37049,"Craven",NA
37051,"Cumberland",NA
37053,"Currituck",NA
37055,"Dare",NA
37057,"Davidson",NA
37059,"Davie",NA
37061,"Duplin",NA
37063,"Durham",NA
37065,"Edgecombe",NA
37067,"Forsyth",NA
37069,"Franklin",NA
37071,"Gaston",NA
37073,"Gates",NA
37075,"Graham",NA
37077,"Granville",NA
37079,"Greene",NA
37081,"Guilford",NA
37083,"Halifax",NA
37085,"Harnett",NA
37087,"Haywood",NA
37089,"Henderson",NA
37091,"Hertford",NA
37093,"Hoke",NA
37095,"Hyde",NA
37097,"Iredell",NA
37099,"Jackson",NA
37101,"Johnston",NA
37103,"Jones",NA
37105,"Lee",NA
37107,"Lenoir",NA
37109,"Lincoln",NA
37111,"Mcdowell",NA
37113,"Macon",NA
37115,"Madison",NA
37117,"Martin",NA
37119,"Mecklenburg",NA
37121,"Mitchell",NA
37123,"Montgomery",NA
37125,"Moore",NA
37127,"Nash",NA
37129,"New Hanover",NA
37131,"Northampton",NA
37133,"Onslow",NA
37135,"Orange",NA
37137,"Pamlico",NA
37139,"Pasquotank",NA
37141,"Pender",NA
37143,"Perquimans",NA
37145,"Person",NA
37147,"Pitt",NA
37149,"Polk",NA
37151,"Randolph",NA
37153,"Richmond",NA
37155,"Robeson",NA
37157,"Rockingham",NA
37159,"Rowan",NA
37161,"Rutherford",NA
37163,"Sampson",NA
37165,"Scotland",NA
37167,"Stanly",NA
37169,"Stokes",NA
37171,"Surry",NA
37173,"Swain",NA
37175,"Transylvania",NA
37177,"Tyrrell",NA
37179,"Union",NA
37181,"Vance",NA
37183,"Wake",0
37185,"Warren",NA
37187,"Washington",NA
37189,"Watauga",NA
37191,"Wayne",NA
37193,"Wilkes",NA
37195,"Wilson",NA
37197,"Yadkin",NA
37199,"Yancey",NA
38001,"Adams",NA
38003,"Barnes",NA
38005,"Benson",NA
38007,"Billings",NA
38009,"Bottineau",NA
38011,"Bowman",NA
38013,"Burke",NA
38015,"Burleigh",NA
38017,"Cass",NA
38019,"Cavalier",NA
38021,"Dickey",NA
38023,"Divide",NA
38025,"Dunn",NA
38027,"Eddy",NA
38029,"Emmons",NA
38031,"Foster",NA
38033,"Golden Valley",NA
38035,"Grand Forks",NA
38037,"Grant",NA
38039,"Griggs",NA
38041,"Hettinger",NA
38043,"Kidder",NA
38045,"Lamoure",NA
38047,"Logan",NA
38049,"Mchenry",NA
38051,"Mcintosh",NA
38053,"Mckenzie",NA
38055,"Mclean",NA
38057,"Mercer",NA
38059,"Morton",NA
38061,"Mountrail",NA
38063,"Nelson",NA
38065,"Oliver",NA
38067,"Pembina",NA
38069,"Pierce",NA
38071,"Ramsey",NA
38073,"Ransom",NA
38075,"Renville",NA
38077,"Richland",NA
38079,"Rolette",NA
38081,"Sargent",NA
38083,"Sheridan",NA
38085,"Sioux",NA
38087,"Slope",NA
38089,"Stark",NA
38091,"Steele",NA
38093,"Stutsman",NA
38095,"Towner",NA
38097,"Traill",NA
38099,"Walsh",NA
38101,"Ward",NA
38103,"Wells",NA
38105,"Williams",NA
39001,"Adams",NA
39003,"Allen",NA
39005,"Ashland",NA
39007,"Ashtabula",NA
39009,"Athens",NA
39011,"Auglaize",NA
39013,"Belmont",NA
39015,"Brown",NA
39017,"Butler",NA
39019,"Carroll",NA
39021,"Champaign",NA
39023,"Clark",NA
39025,"Clermont",NA
39027,"Clinton",NA
39029,"Columbiana",NA
39031,"Coshocton",NA
39033,"Crawford",NA
39035,"Cuyahoga",0
39037,"Darke",NA
39039,"Defiance",NA
39041,"Delaware",NA
39043,"Erie",NA
39045,"Fairfield",NA
39047,"Fayette",NA
39049,"Franklin",NA
39051,"Fulton",NA
39053,"Gallia",NA
39055,"Geauga",NA
39057,"Greene",NA
39059,"Guernsey",NA
39061,"Hamilton",NA
39063,"Hancock",NA
39065,"Hardin",NA
39067,"Harrison",NA
39069,"Henry",NA
39071,"Highland",NA
39073,"Hocking",NA
39075,"Holmes",NA
39077,"Huron",NA
39079,"Jackson",NA
39081,"Jefferson",NA
39083,"Knox",NA
39085,"Lake",NA
39087,"Lawrence",NA
39089,"Licking",NA
39091,"Logan",NA
39093,"Lorain",NA
39095,"Lucas",NA
39097,"Madison",NA
39099,"Mahoning",NA
39101,"Marion",NA
39103,"Medina",NA
39105,"Meigs",NA
39107,"Mercer",NA
39109,"Miami",NA
39111,"Monroe",NA
39113,"Montgomery",NA
39115,"Morgan",NA
39117,"Morrow",NA
39119,"Muskingum",NA
39121,"Noble",NA
39123,"Ottawa",NA
39125,"Paulding",NA
39127,"Perry",NA
39129,"Pickaway",NA
39131,"Pike",NA
39133,"Portage",NA
39135,"Preble",NA
39137,"Putnam",NA
39139,"Richland",NA
39141,"Ross",NA
39143,"Sandusky",NA
39145,"Scioto",NA
39147,"Seneca",NA
39149,"Shelby",NA
39151,"Stark",0
39153,"Summit",NA
39155,"Trumbull",NA
39157,"Tuscarawas",NA
39159,"Union",NA
39161,"Van Wert",NA
39163,"Vinton",NA
39165,"Warren",NA
39167,"Washington",NA
39169,"Wayne",NA
39171,"Williams",NA
39173,"Wood",NA
39175,"Wyandot",NA
40,"Adair",NA
40,"Alfalfa",NA
40,"Atoka",NA
40,"Beaver",NA
40,"Beckham",NA
40011,"Blaine",NA
40013,"Bryan",NA
40015,"Caddo",NA
40017,"Canadian",NA
40019,"Carter",NA
40021,"Cherokee",NA
40023,"Choctaw",NA
40025,"Cimarron",NA
40027,"Cleveland",NA
40029,"Coal",NA
40031,"Comanche",NA
40033,"Cotton",NA
40035,"Craig",NA
40037,"Creek",NA
40039,"Custer",NA
40041,"Delaware",NA
40043,"Dewey",NA
40045,"Ellis",NA
40047,"Garfield",NA
40049,"Garvin",NA
40051,"Grady",NA
40053,"Grant",NA
40055,"Greer",NA
40057,"Harmon",NA
40059,"Harper",NA
40061,"Haskell",NA
40063,"Hughes",NA
40065,"Jackson",NA
40067,"Jefferson",NA
40069,"Johnston",NA
40071,"Kay",NA
40073,"Kingfisher",NA
40075,"Kiowa",NA
40077,"Latimer",NA
40079,"Le Flore",NA
40081,"Lincoln",NA
40083,"Logan",NA
40085,"Love",NA
40087,"Mcclain",NA
40089,"Mccurtain",NA
40091,"Mcintosh",NA
40093,"Major",NA
40095,"Marshall",NA
40097,"Mayes",NA
40099,"Murray",NA
40101,"Muskogee",NA
40103,"Noble",NA
40105,"Nowata",NA
40107,"Okfuskee",NA
40109,"Oklahoma",NA
40111,"Okmulgee",NA
40113,"Osage",NA
40115,"Ottawa",NA
40117,"Pawnee",NA
40119,"Payne",NA
40121,"Pittsburg",NA
40123,"Pontotoc",NA
40125,"Pottawatomie",NA
40127,"Pushmataha",NA
40129,"Roger Mills",NA
40131,"Rogers",NA
40133,"Seminole",NA
40135,"Sequoyah",NA
40137,"Stephens",NA
40139,"Texas",NA
40141,"Tillman",NA
40143,"Tulsa",0
40145,"Wagoner",NA
40147,"Washington",NA
40149,"Washita",NA
40151,"Woods",NA
40153,"Woodward",NA
41001,"Baker",NA
41003,"Benton",NA
41005,"Clackamas",NA
41007,"Clatsop",NA
41009,"Columbia",NA
41011,"Coos",NA
41013,"Crook",NA
41015,"Curry",NA
41017,"Deschutes",0
41019,"Douglas",0
41021,"Gilliam",NA
41023,"Grant",NA
41025,"Harney",NA
41027,"Hood River",NA
41029,"Jackson",NA
41031,"Jefferson",NA
41033,"Josephine",NA
41035,"Klamath",0
41037,"Lake",NA
41039,"Lane",NA
41041,"Lincoln",NA
41043,"Linn",NA
41045,"Malheur",NA
41047,"Marion",0
41049,"Morrow",NA
41051,"Multnomah",0
41053,"Polk",0
41055,"Sherman",NA
41057,"Tillamook",NA
41059,"Umatilla",0
41061,"Union",NA
41063,"Wallowa",NA
41065,"Wasco",NA
41067,"Washington",0
41069,"Wheeler",NA
41071,"Yamhill",NA
42001,"Adams",NA
42003,"Allegheny",NA
42005,"Armstrong",NA
42007,"Beaver",NA
42009,"Bedford",NA
42011,"Berks",NA
42013,"Blair",NA
42015,"Bradford",NA
42017,"Bucks",0
42019,"Butler",NA
42021,"Cambria",NA
42023,"Cameron",NA
42025,"Carbon",NA
42027,"Centre",NA
42029,"Chester",NA
42031,"Clarion",NA
42033,"Clearfield",NA
42035,"Clinton",NA
42037,"Columbia",NA
42039,"Crawford",NA
42041,"Cumberland",NA
42043,"Dauphin",NA
42045,"Delaware",0
42047,"Elk",NA
42049,"Erie",NA
42051,"Fayette",NA
42053,"Forest",NA
42055,"Franklin",NA
42057,"Fulton",NA
42059,"Greene",NA
42061,"Huntingdon",NA
42063,"Indiana",NA
42065,"Jefferson",NA
42067,"Juniata",NA
42069,"Lackawanna",NA
42071,"Lancaster",NA
42073,"Lawrence",NA
42075,"Lebanon",NA
42077,"Lehigh",NA
42079,"Luzerne",NA
42081,"Lycoming",NA
42083,"Mckean",NA
42085,"Mercer",NA
42087,"Mifflin",NA
42089,"Monroe",0
42091,"Montgomery",0
42093,"Montour",NA
42095,"Northampton",NA
42097,"Northumberland",NA
42099,"Perry",NA
42101,"Philadelphia",0
42103,"Pike",NA
42105,"Potter",NA
42107,"Schuylkill",NA
42109,"Snyder",NA
42111,"Somerset",NA
42113,"Sullivan",NA
42115,"Susquehanna",NA
42117,"Tioga",NA
42119,"Union",NA
42121,"Venango",NA
42123,"Warren",NA
42125,"Washington",NA
42127,"Wayne",0
42129,"Westmoreland",NA
42131,"Wyoming",NA
42133,"York",NA
44001,"Bristol",NA
44003,"Kent",NA
44005,"Newport",NA
44007,"Providence",0
44009,"Washington",NA
45001,"Abbeville",NA
45003,"Aiken",NA
45005,"Allendale",NA
45007,"Anderson",NA
45009,"Bamberg",NA
45011,"Barnwell",NA
45013,"Beaufort",NA
45015,"Berkeley",NA
45017,"Calhoun",NA
45019,"Charleston",0
45021,"Cherokee",NA
45023,"Chester",NA
45025,"Chesterfield",NA
45027,"Clarendon",NA
45029,"Colleton",NA
45031,"Darlington",NA
45033,"Dillon",NA
45035,"Dorchester",NA
45037,"Edgefield",NA
45039,"Fairfield",NA
45041,"Florence",NA
45043,"Georgetown",NA
45045,"Greenville",NA
45047,"Greenwood",NA
45049,"Hampton",NA
45051,"Horry",NA
45053,"Jasper",NA
45055,"Kershaw",0
45057,"Lancaster",0
45059,"Laurens",NA
45061,"Lee",NA
45063,"Lexington",NA
45065,"Mccormick",NA
45067,"Marion",NA
45069,"Marlboro",NA
45071,"Newberry",NA
45073,"Oconee",NA
45075,"Orangeburg",NA
45077,"Pickens",NA
45079,"Richland",NA
45081,"Saluda",NA
45083,"Spartanburg",0
45085,"Sumter",NA
45087,"Union",NA
45089,"Williamsburg",NA
45091,"York",NA
46003,"Aurora",NA
46005,"Beadle",0
46007,"Bennett",NA
46009,"Bon Homme",0
46011,"Brookings",NA
46013,"Brown",NA
46015,"Brule",NA
46017,"Buffalo",NA
46019,"Butte",NA
46021,"Campbell",NA
46023,"Charles Mix",0
46025,"Clark",NA
46027,"Clay",NA
46029,"Codington",NA
46031,"Corson",NA
46033,"Custer",NA
46035,"Davison",0
46037,"Day",NA
46039,"Deuel",NA
46041,"Dewey",NA
46043,"Douglas",NA
46045,"Edmunds",NA
46047,"Fall River",NA
46049,"Faulk",NA
46051,"Grant",NA
46053,"Gregory",NA
46055,"Haakon",NA
46057,"Hamlin",NA
46059,"Hand",NA
46061,"Hanson",NA
46063,"Harding",NA
46065,"Hughes",NA
46067,"Hutchinson",NA
46069,"Hyde",NA
46071,"Jackson",NA
46073,"Jerauld",NA
46075,"Jones",NA
46077,"Kingsbury",NA
46079,"Lake",NA
46081,"Lawrence",NA
46083,"Lincoln",NA
46085,"Lyman",NA
46087,"Mccook",NA
46089,"Mcpherson",NA
46091,"Marshall",NA
46093,"Meade",NA
46095,"Mellette",NA
46097,"Miner",NA
46099,"Minnehaha",0
46101,"Moody",NA
46103,"Pennington",0
46105,"Perkins",NA
46107,"Potter",NA
46109,"Roberts",NA
46111,"Sanborn",NA
46113,"Shannon",NA
46115,"Spink",NA
46117,"Stanley",NA
46119,"Sully",NA
46121,"Todd",NA
46123,"Tripp",NA
46125,"Turner",NA
46127,"Union",NA
46129,"Walworth",NA
46135,"Yankton",NA
46137,"Ziebach",NA
47001,"Anderson",NA
47003,"Bedford",NA
47005,"Benton",NA
47007,"Bledsoe",NA
47009,"Blount",NA
47011,"Bradley",NA
47013,"Campbell",NA
47015,"Cannon",NA
47017,"Carroll",NA
47019,"Carter",NA
47021,"Cheatham",NA
47023,"Chester",NA
47025,"Claiborne",NA
47027,"Clay",NA
47029,"Cocke",NA
47031,"Coffee",NA
47033,"Crockett",NA
47035,"Cumberland",NA
47037,"Davidson",0
47039,"Decatur",NA
47041,"Dekalb",NA
47043,"Dickson",NA
47045,"Dyer",NA
47047,"Fayette",NA
47049,"Fentress",NA
47051,"Franklin",NA
47053,"Gibson",NA
47055,"Giles",NA
47057,"Grainger",NA
47059,"Greene",NA
47061,"Grundy",NA
47063,"Hamblen",NA
47065,"Hamilton",NA
47067,"Hancock",NA
47069,"Hardeman",NA
47071,"Hardin",NA
47073,"Hawkins",NA
47075,"Haywood",NA
47077,"Henderson",NA
47079,"Henry",NA
47081,"Hickman",NA
47083,"Houston",NA
47085,"Humphreys",NA
47087,"Jackson",NA
47089,"Jefferson",NA
47091,"Johnson",NA
47093,"Knox",NA
47095,"Lake",NA
47097,"Lauderdale",NA
47099,"Lawrence",NA
47101,"Lewis",NA
47103,"Lincoln",NA
47105,"Loudon",NA
47107,"Mcminn",NA
47109,"Mcnairy",NA
47111,"Macon",NA
47113,"Madison",NA
47115,"Marion",NA
47117,"Marshall",NA
47119,"Maury",NA
47121,"Meigs",NA
47123,"Monroe",NA
47125,"Montgomery",NA
47127,"Moore",NA
47129,"Morgan",NA
47131,"Obion",NA
47133,"Overton",NA
47135,"Perry",NA
47137,"Pickett",NA
47139,"Polk",NA
47141,"Putnam",NA
47143,"Rhea",NA
47145,"Roane",NA
47147,"Robertson",NA
47149,"Rutherford",NA
47151,"Scott",NA
47153,"Sequatchie",NA
47155,"Sevier",NA
47157,"Shelby",0
47159,"Smith",NA
47161,"Stewart",NA
47163,"Sullivan",0
47165,"Sumner",NA
47167,"Tipton",NA
47169,"Trousdale",NA
47171,"Unicoi",NA
47173,"Union",NA
47175,"Van Buren",NA
47177,"Warren",NA
47179,"Washington",NA
47181,"Wayne",NA
47183,"Weakley",NA
47185,"White",NA
47187,"Williamson",0
47189,"Wilson",NA
48001,"Anderson",NA
48003,"Andrews",NA
48005,"Angelina",NA
48007,"Aransas",NA
48009,"Archer",NA
48011,"Armstrong",NA
48013,"Atascosa",NA
48015,"Austin",NA
48017,"Bailey",NA
48019,"Bandera",NA
48021,"Bastrop",NA
48023,"Baylor",NA
48025,"Bee",NA
48027,"Bell",NA
48029,"Bexar",NA
48031,"Blanco",NA
48033,"Borden",NA
48035,"Bosque",NA
48037,"Bowie",NA
48039,"Brazoria",NA
48041,"Brazos",NA
48043,"Brewster",NA
48045,"Briscoe",NA
48047,"Brooks",NA
48049,"Brown",NA
48051,"Burleson",NA
48053,"Burnet",NA
48055,"Caldwell",NA
48057,"Calhoun",NA
48059,"Callahan",NA
48061,"Cameron",NA
48063,"Camp",NA
48065,"Carson",NA
48067,"Cass",NA
48069,"Castro",NA
48071,"Chambers",NA
48073,"Cherokee",NA
48075,"Childress",NA
48077,"Clay",NA
48079,"Cochran",NA
48081,"Coke",NA
48083,"Coleman",NA
48085,"Collin",0
48087,"Collingsworth",NA
48089,"Colorado",NA
48091,"Comal",NA
48093,"Comanche",NA
48095,"Concho",NA
48097,"Cooke",NA
48099,"Coryell",NA
48101,"Cottle",NA
48103,"Crane",NA
48105,"Crockett",NA
48107,"Crosby",NA
48109,"Culberson",NA
48111,"Dallam",NA
48113,"Dallas",0
48115,"Dawson",NA
48117,"Deaf Smith",NA
48119,"Delta",NA
48121,"Denton",NA
48123,"Dewitt",NA
48125,"Dickens",NA
48127,"Dimmit",NA
48129,"Donley",NA
48131,"Duval",NA
48133,"Eastland",NA
48135,"Ector",NA
48137,"Edwards",NA
48139,"Ellis",NA
48141,"El Paso",NA
48143,"Erath",NA
48145,"Falls",NA
48147,"Fannin",NA
48149,"Fayette",NA
48151,"Fisher",NA
48153,"Floyd",NA
48155,"Foard",NA
48157,"Fort Bend",0
48159,"Franklin",NA
48161,"Freestone",NA
48163,"Frio",NA
48165,"Gaines",NA
48167,"Galveston",NA
48169,"Garza",NA
48171,"Gillespie",NA
48173,"Glasscock",NA
48175,"Goliad",NA
48177,"Gonzales",NA
48179,"Gray",NA
48181,"Grayson",NA
48183,"Gregg",0
48185,"Grimes",NA
48187,"Guadalupe",NA
48189,"Hale",NA
48191,"Hall",NA
48193,"Hamilton",NA
48195,"Hansford",NA
48197,"Hardeman",NA
48199,"Hardin",NA
48201,"Harris",0
48203,"Harrison",NA
48205,"Hartley",NA
48207,"Haskell",NA
48209,"Hays",NA
48211,"Hemphill",NA
48213,"Henderson",NA
48215,"Hidalgo",NA
48217,"Hill",NA
48219,"Hockley",NA
48221,"Hood",NA
48223,"Hopkins",NA
48225,"Houston",NA
48227,"Howard",NA
48229,"Hudspeth",NA
48231,"Hunt",NA
48233,"Hutchinson",NA
48235,"Irion",NA
48237,"Jack",NA
48239,"Jackson",NA
48241,"Jasper",NA
48243,"Jeff Davis",NA
48245,"Jefferson",NA
48247,"Jim Hogg",NA
48249,"Jim Wells",NA
48251,"Johnson",NA
48253,"Jones",NA
48255,"Karnes",NA
48257,"Kaufman",NA
48259,"Kendall",NA
48261,"Kenedy",NA
48263,"Kent",NA
48265,"Kerr",NA
48267,"Kimble",NA
48269,"King",NA
48271,"Kinney",NA
48273,"Kleberg",NA
48275,"Knox",NA
48277,"Lamar",NA
48279,"Lamb",NA
48281,"Lampasas",NA
48283,"La Salle",NA
48285,"Lavaca",NA
48287,"Lee",NA
48289,"Leon",NA
48291,"Liberty",NA
48293,"Limestone",NA
48295,"Lipscomb",NA
48297,"Live Oak",NA
48299,"Llano",NA
48301,"Loving",NA
48303,"Lubbock",NA
48305,"Lynn",NA
48307,"Mcculloch",NA
48309,"Mclennan",NA
48311,"Mcmullen",NA
48313,"Madison",NA
48315,"Marion",NA
48317,"Martin",NA
48319,"Mason",NA
48321,"Matagorda",NA
48323,"Maverick",NA
48325,"Medina",NA
48327,"Menard",NA
48329,"Midland",NA
48331,"Milam",NA
48333,"Mills",NA
48335,"Mitchell",NA
48337,"Montague",NA
48339,"Montgomery",0
48341,"Moore",NA
48343,"Morris",NA
48345,"Motley",NA
48347,"Nacogdoches",NA
48349,"Navarro",NA
48351,"Newton",NA
48353,"Nolan",NA
48355,"Nueces",NA
48357,"Ochiltree",NA
48359,"Oldham",NA
48361,"Orange",NA
48363,"Palo Pinto",NA
48365,"Panola",NA
48367,"Parker",NA
48369,"Parmer",NA
48371,"Pecos",NA
48373,"Polk",NA
48375,"Potter",NA
48377,"Presidio",NA
48379,"Rains",NA
48381,"Randall",NA
48383,"Reagan",NA
48385,"Real",NA
48387,"Red River",NA
48389,"Reeves",NA
48391,"Refugio",NA
48393,"Roberts",NA
48395,"Robertson",NA
48397,"Rockwall",NA
48399,"Runnels",NA
48401,"Rusk",NA
48403,"Sabine",NA
48405,"San Augustine",NA
48407,"San Jacinto",NA
48409,"San Patricio",NA
48411,"San Saba",NA
48413,"Schleicher",NA
48415,"Scurry",NA
48417,"Shackelford",NA
48419,"Shelby",NA
48421,"Sherman",NA
48423,"Smith",NA
48425,"Somervell",NA
48427,"Starr",NA
48429,"Stephens",NA
48431,"Sterling",NA
48433,"Stonewall",NA
48435,"Sutton",NA
48437,"Swisher",NA
48439,"Tarrant",0
48441,"Taylor",NA
48443,"Terrell",NA
48445,"Terry",NA
48447,"Throckmorton",NA
48449,"Titus",NA
48451,"Tom Green",NA
48453,"Travis",NA
48455,"Trinity",NA
48457,"Tyler",NA
48459,"Upshur",NA
48461,"Upton",NA
48463,"Uvalde",NA
48465,"Val Verde",NA
48467,"Van Zandt",NA
48469,"Victoria",NA
48471,"Walker",NA
48473,"Waller",NA
48475,"Ward",NA
48477,"Washington",NA
48479,"Webb",NA
48481,"Wharton",NA
48483,"Wheeler",NA
48485,"Wichita",NA
48487,"Wilbarger",NA
48489,"Willacy",NA
48491,"Williamson",NA
48493,"Wilson",NA
48495,"Winkler",NA
48497,"Wise",NA
48499,"Wood",NA
48501,"Yoakum",NA
48503,"Young",NA
48505,"Zapata",NA
48507,"Zavala",NA
49001,"Beaver",NA
49003,"Box Elder",NA
49005,"Cache",NA
49007,"Carbon",NA
49009,"Daggett",NA
49011,"Davis",0
49013,"Duchesne",NA
49015,"Emery",NA
49017,"Garfield",NA
49019,"Grand",NA
49021,"Iron",NA
49023,"Juab",NA
49025,"Kane",NA
49027,"Millard",NA
49029,"Morgan",NA
49031,"Piute",NA
49033,"Rich",NA
49035,"Salt Lake",NA
49037,"San Juan",NA
49039,"Sanpete",NA
49041,"Sevier",NA
49043,"Summit",0
49045,"Tooele",NA
49047,"Uintah",NA
49049,"Utah",NA
49051,"Wasatch",NA
49053,"Washington",NA
49055,"Wayne",NA
49057,"Weber",0
50,"Addison",NA
50,"Bennington",0
50,"Caledonia",NA
50,"Chittenden",NA
50,"Essex",NA
50011,"Franklin",NA
50013,"Grand Isle",NA
50015,"Lamoille",NA
50017,"Orange",NA
50019,"Orleans",NA
50021,"Rutland",NA
50023,"Washington",NA
50025,"Windham",NA
50027,"Windsor",NA
51001,"Accomack",NA
51003,"Albemarle",NA
51005,"Alleghany",NA
51007,"Amelia",NA
51009,"Amherst",NA
51011,"Appomattox",NA
51013,"Arlington",0
51015,"Augusta",NA
51017,"Bath",NA
51019,"Bedford",NA
51021,"Bland",NA
51023,"Botetourt",NA
51025,"Brunswick",NA
51027,"Buchanan",NA
51029,"Buckingham",NA
51031,"Campbell",NA
51033,"Caroline",NA
51035,"Carroll",NA
51036,"Charles City",NA
51037,"Charlotte",NA
51041,"Chesterfield",NA
51043,"Clarke",NA
51045,"Craig",NA
51047,"Culpeper",NA
51049,"Cumberland",NA
51051,"Dickenson",NA
51053,"Dinwiddie",NA
51057,"Essex",NA
51059,"Fairfax",0
51061,"Fauquier",NA
51063,"Floyd",NA
51065,"Fluvanna",NA
51067,"Franklin",NA
51069,"Frederick",NA
51071,"Giles",NA
51073,"Gloucester",NA
51075,"Goochland",NA
51077,"Grayson",NA
51079,"Greene",NA
51081,"Greensville",NA
51083,"Halifax",NA
51085,"Hanover",0
51087,"Henrico",NA
51089,"Henry",NA
51091,"Highland",NA
51093,"Isle of Wight",NA
51095,"James City",NA
51097,"King and Queen",NA
51099,"King George",NA
51101,"King William",NA
51103,"Lancaster",NA
51105,"Lee",NA
51107,"Loudoun",0
51109,"Louisa",NA
51111,"Lunenburg",NA
51113,"Madison",NA
51115,"Mathews",NA
51117,"Mecklenburg",NA
51119,"Middlesex",NA
51121,"Montgomery",NA
51125,"Nelson",NA
51127,"New Kent",NA
51131,"Northampton",NA
51133,"Northumberland",NA
51135,"Nottoway",NA
51137,"Orange",NA
51139,"Page",NA
51141,"Patrick",NA
51143,"Pittsylvania",NA
51145,"Powhatan",NA
51147,"Prince Edward",NA
51149,"Prince George",NA
51153,"Prince William",NA
51155,"Pulaski",NA
51157,"Rappahannock",NA
51159,"Richmond",NA
51161,"Roanoke",NA
51163,"Rockbridge",NA
51165,"Rockingham",NA
51167,"Russell",NA
51169,"Scott",NA
51171,"Shenandoah",NA
51173,"Smyth",NA
51175,"Southampton",NA
51177,"Spotsylvania",0
51179,"Stafford",NA
51181,"Surry",NA
51183,"Sussex",NA
51185,"Tazewell",NA
51187,"Warren",NA
51191,"Washington",NA
51193,"Westmoreland",NA
51195,"Wise",NA
51197,"Wythe",NA
51199,"York",NA
51510,"Alexandria City",NA
51515,"Bedford City",NA
51520,"Bristol City",NA
51530,"Buena Vista City",NA
51540,"Charlottesville City",NA
51550,"Chesapeake City",NA
51570,"Colonial Heights City",NA
51580,"Covington City",NA
51590,"Danville City",NA
51595,"Emporia City",NA
51600,"Fairfax City",NA
51610,"Falls Church City",NA
51620,"Franklin City",NA
51630,"Fredericksburg City",NA
51640,"Galax City",NA
51650,"Hampton City",NA
51660,"Harrisonburg City",NA
51670,"Hopewell City",NA
51678,"Lexington City",NA
51680,"Lynchburg City",NA
51683,"Manassas City",NA
51685,"Manassas Park City",NA
51690,"Martinsville City",NA
51700,"Newport News City",NA
51710,"Norfolk City",NA
51720,"Norton City",NA
51730,"Petersburg City",NA
51735,"Poquoson City",NA
51740,"Portsmouth City",NA
51750,"Radford City",NA
51760,"Richmond City",NA
51770,"Roanoke City",NA
51775,"Salem City",NA
51790,"Staunton City",NA
51800,"Suffolk City",NA
51810,"Virginia Beach City",NA
51820,"Waynesboro City",NA
51830,"Williamsburg City",NA
51840,"Winchester City",NA
53001,"Adams",NA
53003,"Asotin",NA
53005,"Benton",NA
53007,"Chelan",NA
53009,"Clallam",NA
53011,"Clark",0
53013,"Columbia",NA
53015,"Cowlitz",NA
53017,"Douglas",NA
53019,"Ferry",NA
53021,"Franklin",NA
53023,"Garfield",NA
53025,"Grant",0
53027,"Grays Harbor",NA
53029,"Island",0
53031,"Jefferson",0
53033,"King",0
53035,"Kitsap",0
53037,"Kittitas",0
53039,"Klickitat",NA
53041,"Lewis",NA
53043,"Lincoln",NA
53045,"Mason",NA
53047,"Okanogan",NA
53049,"Pacific",NA
53051,"Pend Oreille",NA
53053,"Pierce",0
53055,"San Juan",NA
53057,"Skagit",0
53059,"Skamania",NA
53061,"Snohomish",0
53063,"Spokane",NA
53065,"Stevens",NA
53067,"Thurston",0
53069,"Wahkiakum",NA
53071,"Walla Walla",NA
53073,"Whatcom",0
53075,"Whitman",NA
53077,"Yakima",NA
54001,"Barbour",NA
54003,"Berkeley",NA
54005,"Boone",NA
54007,"Braxton",NA
54009,"Brooke",NA
54011,"Cabell",NA
54013,"Calhoun",NA
54015,"Clay",NA
54017,"Doddridge",NA
54019,"Fayette",NA
54021,"Gilmer",NA
54023,"Grant",NA
54025,"Greenbrier",NA
54027,"Hampshire",NA
54029,"Hancock",NA
54031,"Hardy",NA
54033,"Harrison",NA
54035,"Jackson",NA
54037,"Jefferson",NA
54039,"Kanawha",NA
54041,"Lewis",NA
54043,"Lincoln",NA
54045,"Logan",NA
54047,"Mcdowell",NA
54049,"Marion",NA
54051,"Marshall",NA
54053,"Mason",NA
54055,"Mercer",NA
54057,"Mineral",NA
54059,"Mingo",NA
54061,"Monongalia",NA
54063,"Monroe",NA
54065,"Morgan",NA
54067,"Nicholas",NA
54069,"Ohio",NA
54071,"Pendleton",NA
54073,"Pleasants",NA
54075,"Pocahontas",NA
54077,"Preston",NA
54079,"Putnam",NA
54081,"Raleigh",NA
54083,"Randolph",NA
54085,"Ritchie",NA
54087,"Roane",NA
54089,"Summers",NA
54091,"Taylor",NA
54093,"Tucker",NA
54095,"Tyler",NA
54097,"Upshur",NA
54099,"Wayne",NA
54101,"Webster",NA
54103,"Wetzel",NA
54105,"Wirt",NA
54107,"Wood",NA
54109,"Wyoming",NA
55001,"Adams",NA
55003,"Ashland",NA
55005,"Barron",NA
55007,"Bayfield",NA
55009,"Brown",NA
55011,"Buffalo",NA
55013,"Burnett",NA
55015,"Calumet",NA
55017,"Chippewa",NA
55019,"Clark",NA
55021,"Columbia",NA
55023,"Crawford",NA
55025,"Dane",0
55027,"Dodge",NA
55029,"Door",NA
55031,"Douglas",NA
55033,"Dunn",NA
55035,"Eau Claire",NA
55037,"Florence",NA
55039,"Fond Du Lac",NA
55041,"Forest",NA
55043,"Grant",NA
55045,"Green",NA
55047,"Green Lake",NA
55049,"Iowa",NA
55051,"Iron",NA
55053,"Jackson",NA
55055,"Jefferson",NA
55057,"Juneau",NA
55059,"Kenosha",NA
55061,"Kewaunee",NA
55063,"La Crosse",NA
55065,"Lafayette",NA
55067,"Langlade",NA
55069,"Lincoln",NA
55071,"Manitowoc",NA
55073,"Marathon",NA
55075,"Marinette",NA
55077,"Marquette",NA
55078,"Menominee",NA
55079,"Milwaukee",NA
55081,"Monroe",NA
55083,"Oconto",NA
55085,"Oneida",NA
55087,"Outagamie",NA
55089,"Ozaukee",NA
55091,"Pepin",NA
55093,"Pierce",0
55095,"Polk",NA
55097,"Portage",NA
55099,"Price",NA
55101,"Racine",NA
55103,"Richland",NA
55105,"Rock",NA
55107,"Rusk",NA
55109,"St. Croix",NA
55111,"Sauk",NA
55113,"Sawyer",NA
55115,"Shawano",NA
55117,"Sheboygan",NA
55119,"Taylor",NA
55121,"Trempealeau",NA
55123,"Vernon",NA
55125,"Vilas",NA
55127,"Walworth",NA
55129,"Washburn",NA
55131,"Washington",NA
55133,"Waukesha",NA
55135,"Waupaca",NA
55137,"Waushara",NA
55139,"Winnebago",NA
55141,"Wood",NA
56001,"Albany",NA
56003,"Big Horn",NA
56005,"Campbell",NA
56007,"Carbon",NA
56009,"Converse",NA
56011,"Crook",NA
56013,"Fremont",NA
56015,"Goshen",NA
56017,"Hot Springs",NA
56019,"Johnson",NA
56021,"Laramie",NA
56023,"Lincoln",NA
56025,"Natrona",NA
56027,"Niobrara",NA
56029,"Park",NA
56031,"Platte",NA
56033,"Sheridan",NA
56035,"Sublette",NA
56037,"Sweetwater",NA
56039,"Teton",NA
56041,"Uinta",NA
56043,"Washakie",NA
56045,"Weston",NA
